ingredient,local_alias,product_name,brand_name,expiry_date,Estimated Total Qty,minQty,unit,price
Capsicum,,Capsicum,Generic,3/22/2023,200,100,Kg
Fenugreek Leaves,,Fenugreek Leaves,Generic,3/22/2023,200,100,Kg
Egg Organic,,Egg Organic,Generic,3/22/2023,200,100,Kg
Egg,,Egg,Generic,3/22/2023,200,100,Kg
Green Bell Pepper,,Green Bell Pepper,Generic,3/22/2023,200,100,Kg
Cucumber,,Cucumber,Generic,3/22/2023,200,100,Kg
Bottle Gourd,,Bottle Gourd,Generic,3/22/2023,200,100,Kg
Ridge Gourd,,Ridge Gourd,Generic,3/22/2023,200,100,Kg
Sweet Lime,,Sweet Lime,Generic,3/22/2023,200,100,Kg
Palmier,,Palmier,Generic,3/22/2023,200,100,Kg
Tender Gourd,,Tender Gourd,Generic,3/22/2023,200,100,Kg
Ash Gourd,,Ash Gourd,Generic,3/22/2023,200,100,Kg
Vegetable Oil,,Vegetable Oil,Generic,3/22/2023,200,100,liters
Orange Juice,,Orange Juice,Generic,3/22/2023,200,100,liters
Lemon,,Lemon,Generic,3/22/2023,200,100,liters
Tea,,Tea,Generic,3/22/2023,200,100,liters
Milk Lowfat,,Milk Lowfat,Generic,3/22/2023,200,100,liters
Rose,,Rose,Generic,3/22/2023,200,100,liters
Milk,,Milk,Generic,3/22/2023,200,100,liters
Orange Drink,,Orange Drink,Generic,3/22/2023,200,100,liters
Pickle Relish,,Pickle Relish,Generic,3/22/2023,200,100,liters
Vanilla bean,,Vanilla bean,Generic,3/22/2023,200,100,liters
Milk Whole,,Milk Whole,Generic,3/22/2023,200,100,liters
Oil Sunflower,,Oil Sunflower,Generic,3/22/2023,200,100,liters
Fresh Lemon Juice,,Fresh Lemon Juice,Generic,3/22/2023,200,100,liters
Hot Sauce,,Hot Sauce,Generic,3/22/2023,200,100,liters
Soy Sauce,,Soy Sauce,Generic,3/22/2023,200,100,liters
Worcestershire Sauce,,Worcestershire Sauce,Generic,3/22/2023,200,100,liters
Carrot Juice,,Carrot Juice,Generic,3/22/2023,200,100,liters
Oil Canola,,Oil Canola,Generic,3/22/2023,200,100,liters
Oil Corn,,Oil Corn,Generic,3/22/2023,200,100,liters
Oil Peanut,,Oil Peanut,Generic,3/22/2023,200,100,liters
Sesame Oil,,Sesame Oil,Generic,3/22/2023,200,100,liters
Soda,,Soda,Generic,3/22/2023,200,100,liters
Heavy Cream,,Heavy Cream,Generic,3/22/2023,200,100,liters
Milk Sweetened Caramelized,,Milk Sweetened Caramelized,Generic,3/22/2023,200,100,liters
Coconut Water,,Coconut Water,Generic,3/22/2023,200,100,liters
Syrup,,Syrup,Generic,3/22/2023,200,100,liters
Mangosteen,,Mangosteen,Generic,3/22/2023,200,100,liters
Soya,,Soya,Generic,3/22/2023,200,100,liters
Dill Pickle,,Dill Pickle,Generic,3/22/2023,200,100,liters
Vinegar Synthetic,,Vinegar Synthetic,Generic,3/22/2023,200,100,liters
Evaporated milk,,Evaporated milk,Generic,3/22/2023,200,100,liters
Pineapple Juice,,Pineapple Juice,Generic,3/22/2023,200,100,liters
Buttermilk,,Buttermilk,Generic,3/22/2023,200,100,liters
Lemon Juice,,Lemon Juice,Generic,3/22/2023,200,100,liters
Lime Juice,,Lime Juice,Generic,3/22/2023,200,100,liters
Vinegar,,Vinegar,Generic,3/22/2023,200,100,liters
Coconut Cream,,Coconut Cream,Generic,3/22/2023,200,100,liters
Kashmiri Dry Chili Pepper,,Kashmiri Dry Chili Pepper,Generic,3/22/2023,200,100,liters
Mango Juice,,Mango Juice,Generic,3/22/2023,200,100,liters
Nestle Cream,,Nestle Cream,Generic,3/22/2023,200,100,liters
Coconut Milk,,Coconut Milk,Generic,3/22/2023,200,100,liters
Olive Oil,,Olive Oil,Generic,3/22/2023,200,100,liters
water,,water,Generic,3/22/2023,200,100,liters
Watermelon,,Watermelon,Generic,3/22/2023,200,100,liters
Chili Sauce,,Chili Sauce,Generic,3/22/2023,200,100,liters
Whipped Cream,,Whipped Cream,Generic,3/22/2023,200,100,liters
Ranch Dressing,,Ranch Dressing,Generic,3/22/2023,200,100,liters
Sev,,Sev,Generic,3/22/2023,200,100,liters
Mayonnaise,,Mayonnaise,Generic,3/22/2023,200,100,liters
Oil Hazelnut,,Oil Hazelnut,Generic,3/22/2023,200,100,liters
Gherkins,,Gherkins,Generic,3/22/2023,200,100,liters
Maggi,,Maggi,Generic,3/22/2023,200,100,liters
Vinegar Balsamic,,Vinegar Balsamic,Generic,3/22/2023,200,100,liters
Vinegar White,,Vinegar White,Generic,3/22/2023,200,100,liters
Vanilla,,Vanilla,Generic,3/22/2023,200,100,liters
Pepper Sauce,,Pepper Sauce,Generic,3/22/2023,200,100,liters
Egg White,,Egg White,Generic,3/22/2023,200,100,liters
Oil Coconut,,Oil Coconut,Generic,3/22/2023,200,100,liters
Food Color,,Food Color,Generic,3/22/2023,200,100,liters
Oil Virgin Olive,,Oil Virgin Olive,Generic,3/22/2023,200,100,liters
Cream,,Cream,Generic,3/22/2023,200,100,liters
Potato,,Potato,Generic,3/22/2023,200,100,Kg
Banana,,Banana,Generic,3/22/2023,200,100,Kg
Beetroot,,Beetroot,Generic,3/22/2023,200,100,Kg
Pumpkin,,Pumpkin,Generic,3/22/2023,200,100,Kg
Jackfruit,,Jackfruit,Generic,3/22/2023,200,100,Kg
Cabbage,,Cabbage,Generic,3/22/2023,200,100,Kg
Onion,,Onion,Generic,3/22/2023,200,100,Kg
Orange,,Orange,Generic,3/22/2023,200,100,Kg
Onion White,,Onion White,Generic,3/22/2023,200,100,Kg
Papaya,,Papaya,Generic,3/22/2023,200,100,Kg
Yam Elephant,,Yam Elephant,Generic,3/22/2023,200,100,Kg
Red Cabbage,,Red Cabbage,Generic,3/22/2023,200,100,Kg
Butternut Squash,,Butternut Squash,Generic,3/22/2023,200,100,Kg
Jalapeno Pepper,,Jalapeno Pepper,Generic,3/22/2023,200,100,Kg
Onion Yellow,,Onion Yellow,Generic,3/22/2023,200,100,Kg
Zucchini,,Zucchini,Generic,3/22/2023,200,100,Kg
Strawberry,,Strawberry,Generic,3/22/2023,200,100,Kg
Eggplant,,Eggplant,Generic,3/22/2023,200,100,Kg
Flour Double Zero,,Flour Double Zero,Generic,3/22/2023,200,100,Kg
Flour Whole Wheat,,Flour Whole Wheat,Generic,3/22/2023,200,100,Kg
Wheat Flour,,Wheat Flour,Generic,3/22/2023,200,100,Kg
White Flour,,White Flour,Generic,3/22/2023,200,100,Kg
Whole wheat flour,,Whole wheat flour,Generic,3/22/2023,200,100,Kg
Chicken Whole,,Chicken Whole,Generic,3/22/2023,200,100,Kg
Mustard Greens,,Mustard Greens,Generic,3/22/2023,200,100,Kg
Turnip,,Turnip,Generic,3/22/2023,200,100,Kg
Ginger,,Ginger,Generic,3/22/2023,200,100,Kg
Bitter Gourd,,Bitter Gourd,Generic,3/22/2023,200,100,Kg
Broccoli,,Broccoli,Generic,3/22/2023,200,100,Kg
Carrot,,Carrot,Generic,3/22/2023,200,100,Kg
Carrots Baby,,Carrots Baby,Generic,3/22/2023,200,100,Kg
Fresh Spinach,,Fresh Spinach,Generic,3/22/2023,200,100,Kg
Green Beans,,Green Beans,Generic,3/22/2023,200,100,Kg
Pear,,Pear,Generic,3/22/2023,200,100,Kg
Radish,,Radish,Generic,3/22/2023,200,100,Kg
Tomato,,Tomato,Generic,3/22/2023,200,100,Kg
Kiwi,,Kiwi,Generic,3/22/2023,200,100,Kg
Lime,,Lime,Generic,3/22/2023,200,100,Kg
Chicken Drumsticks,,Chicken Drumsticks,Generic,3/22/2023,200,100,Kg
Chicken Leg,,Chicken Leg,Generic,3/22/2023,200,100,Kg
Chicken Thighs,,Chicken Thighs,Generic,3/22/2023,200,100,Kg
Goat Bone in Leg,,Goat Bone in Leg,Generic,3/22/2023,200,100,Kg
Chicken Wing,,Chicken Wing,Generic,3/22/2023,200,100,Kg
Guava,,Guava,Generic,3/22/2023,200,100,Kg
Taro,,Taro,Generic,3/22/2023,200,100,Kg
Plum,,Plum,Generic,3/22/2023,200,100,Kg
Cauliflower,,Cauliflower,Generic,3/22/2023,200,100,Kg
Apple,,Apple,Generic,3/22/2023,200,100,Kg
Beef Rib,,Beef Rib,Generic,3/22/2023,200,100,Kg
Brussel Sprouts,,Brussel Sprouts,Generic,3/22/2023,200,100,Kg
Custard Apples,,Custard Apples,Generic,3/22/2023,200,100,Kg
Grapes,,Grapes,Generic,3/22/2023,200,100,Kg
Kale,,Kale,Generic,3/22/2023,200,100,Kg
Sprouts,,Sprouts,Generic,3/22/2023,200,100,Kg
Celery,,Celery,Generic,3/22/2023,200,100,Kg
Chicken,,Chicken,Generic,3/22/2023,200,100,Kg
Chicken Breast,,Chicken Breast,Generic,3/22/2023,200,100,Kg
Beef Chuck Steak,,Beef Chuck Steak,Generic,3/22/2023,200,100,Kg
Beef Shank,,Beef Shank,Generic,3/22/2023,200,100,Kg
Goat Shank,,Goat Shank,Generic,3/22/2023,200,100,Kg
Tamarind,,Tamarind,Generic,3/22/2023,200,100,Kg
Tamarind Pulp,,Tamarind Pulp,Generic,3/22/2023,200,100,Kg
Beef,,Beef,Generic,3/22/2023,200,100,Kg
Goat Ribs,,Goat Ribs,Generic,3/22/2023,200,100,Kg
Fish,,Fish,Generic,3/22/2023,200,100,Kg
Lamb Shoulder chop,,Lamb Shoulder chop,Generic,3/22/2023,200,100,Kg
Chicken Pieces Boneless,,Chicken Pieces Boneless,Generic,3/22/2023,200,100,Kg
Chicken Skinless,,Chicken Skinless,Generic,3/22/2023,200,100,Kg
Chicken Tenderloins,,Chicken Tenderloins,Generic,3/22/2023,200,100,Kg
Beef Round,,Beef Round,Generic,3/22/2023,200,100,Kg
Beef Sirloin,,Beef Sirloin,Generic,3/22/2023,200,100,Kg
Lamb Shank,,Lamb Shank,Generic,3/22/2023,200,100,Kg
Peppers Pimento,,Peppers Pimento,Generic,3/22/2023,200,100,Kg
skinless boneless chicken thighs,,skinless boneless chicken thighs,Generic,3/22/2023,200,100,Kg
Beef Chuck,,Beef Chuck,Generic,3/22/2023,200,100,Kg
Beef Brain,,Beef Brain,Generic,3/22/2023,200,100,Kg
Beef Kidney,,Beef Kidney,Generic,3/22/2023,200,100,Kg
Beef Mince,,Beef Mince,Generic,3/22/2023,200,100,Kg
Beef Tongue,,Beef Tongue,Generic,3/22/2023,200,100,Kg
Chicken Full,,Chicken Full,Generic,3/22/2023,200,100,Kg
Beef Veal,,Beef Veal,Generic,3/22/2023,200,100,Kg
Beef Ribeye Steak,,Beef Ribeye Steak,Generic,3/22/2023,200,100,Kg
Beef Flank,,Beef Flank,Generic,3/22/2023,200,100,Kg
Cheese Cream,,Cheese Cream,Generic,3/22/2023,200,100,Kg
Lamb Bone in Leg,,Lamb Bone in Leg,Generic,3/22/2023,200,100,Kg
Lamb Loin Chop,,Lamb Loin Chop,Generic,3/22/2023,200,100,Kg
Beef Brisket,,Beef Brisket,Generic,3/22/2023,200,100,Kg
Beef Loin,,Beef Loin,Generic,3/22/2023,200,100,Kg
Lamb Rack,,Lamb Rack,Generic,3/22/2023,200,100,Kg
Lamb Ribs,,Lamb Ribs,Generic,3/22/2023,200,100,Kg
Garcinia Gummi Gutta,,Garcinia Gummi Gutta,Generic,3/22/2023,200,100,Kg
Tandoori Naan,,Tandoori Naan,Generic,3/22/2023,200,100,Kg
Tomato Juice,,Tomato Juice,Generic,3/22/2023,200,100,Kg
Goat Ground,,Goat Ground,Generic,3/22/2023,200,100,Kg
Bengal Gram Split,,Bengal Gram Split,Generic,3/22/2023,200,100,Kg
Goat Brain,,Goat Brain,Generic,3/22/2023,200,100,Kg
Goat Tongue,,Goat Tongue,Generic,3/22/2023,200,100,Kg
Goat Trotter,,Goat Trotter,Generic,3/22/2023,200,100,Kg
Goat Sirloin Chop,,Goat Sirloin Chop,Generic,3/22/2023,200,100,Kg
Goat kabob & Stew,,Goat kabob & Stew,Generic,3/22/2023,200,100,Kg
Gelatin Powder,,Gelatin Powder,Generic,3/22/2023,200,100,Kg
Goat Loin Chop,,Goat Loin Chop,Generic,3/22/2023,200,100,Kg
Goat Shoulder chop,,Goat Shoulder chop,Generic,3/22/2023,200,100,Kg
Chana Dal,,Chana Dal,Generic,3/22/2023,200,100,Kg
Goat BRT boneless,,Goat BRT boneless,Generic,3/22/2023,200,100,Kg
Goat Kidney,,Goat Kidney,Generic,3/22/2023,200,100,Kg
Egg Yolks,,Egg Yolks,Generic,3/22/2023,200,100,Kg
Flour All Purpose,,Flour All Purpose,Generic,3/22/2023,200,100,Kg
Flour Unbleached,,Flour Unbleached,Generic,3/22/2023,200,100,Kg
Sugar,,Sugar,Generic,3/22/2023,200,100,Kg
Sugar Granulated,,Sugar Granulated,Generic,3/22/2023,200,100,Kg
Baking Soda,,Baking Soda,Generic,3/22/2023,200,100,Kg
Flour Bread,,Flour Bread,Generic,3/22/2023,200,100,Kg
Rice,,Rice,Generic,3/22/2023,200,100,Kg
Rice Brown,,Rice Brown,Generic,3/22/2023,200,100,Kg
Rice Long Grain,,Rice Long Grain,Generic,3/22/2023,200,100,Kg
Black Tea,,Black Tea,Generic,3/22/2023,200,100,Kg
French Bread,,French Bread,Generic,3/22/2023,200,100,Kg
Tea Black,,Tea Black,Generic,3/22/2023,200,100,Kg
Beans French,,Beans French,Generic,3/22/2023,200,100,Kg
Corn,,Corn,Generic,3/22/2023,200,100,Kg
Corn Kernels,,Corn Kernels,Generic,3/22/2023,200,100,Kg
Salt,,Salt,Generic,3/22/2023,200,100,Kg
Sweet Corn,,Sweet Corn,Generic,3/22/2023,200,100,Kg
Tomato Puree,,Tomato Puree,Generic,3/22/2023,200,100,Kg
Beans,,Beans,Generic,3/22/2023,200,100,Kg
Beef Broth,,Beef Broth,Generic,3/22/2023,200,100,Kg
Chicken Broth,,Chicken Broth,Generic,3/22/2023,200,100,Kg
Chicken Stock,,Chicken Stock,Generic,3/22/2023,200,100,Kg
Chickpea,,Chickpea,Generic,3/22/2023,200,100,Kg
Cluster Beans,,Cluster Beans,Generic,3/22/2023,200,100,Kg
Corn Starch,,Corn Starch,Generic,3/22/2023,200,100,Kg
Plain Yogurt,,Plain Yogurt,Generic,3/22/2023,200,100,Kg
Red Kidney Beans,,Red Kidney Beans,Generic,3/22/2023,200,100,Kg
Tzatziki Sauce,,Tzatziki Sauce,Generic,3/22/2023,200,100,Kg
White Beans,,White Beans,Generic,3/22/2023,200,100,Kg
Beans Black Eyed,,Beans Black Eyed,Generic,3/22/2023,200,100,Kg
Flour Amarnath,,Flour Amarnath,Generic,3/22/2023,200,100,Kg
Millet flour,,Millet flour,Generic,3/22/2023,200,100,Kg
Pasta,,Pasta,Generic,3/22/2023,200,100,Kg
Fruit Cocktail,,Fruit Cocktail,Generic,3/22/2023,200,100,Kg
Margarine,,Margarine,Generic,3/22/2023,200,100,Kg
Noodle,,Noodle,Generic,3/22/2023,200,100,Kg
Peach,,Peach,Generic,3/22/2023,200,100,Kg
Pear Prickley,,Pear Prickley,Generic,3/22/2023,200,100,Kg
Pink Lentils,,Pink Lentils,Generic,3/22/2023,200,100,Kg
Barley,,Barley,Generic,3/22/2023,200,100,Kg
Beans Red Kidney,,Beans Red Kidney,Generic,3/22/2023,200,100,Kg
Cardamom Green,,Cardamom Green,Generic,3/22/2023,200,100,Kg
Chicken Liver,,Chicken Liver,Generic,3/22/2023,200,100,Kg
Chilli Green,,Chilli Green,Generic,3/22/2023,200,100,Kg
Green Gram split skinned,,Green Gram split skinned,Generic,3/22/2023,200,100,Kg
Green Gram Split with skin,,Green Gram Split with skin,Generic,3/22/2023,200,100,Kg
Green Gram Whole,,Green Gram Whole,Generic,3/22/2023,200,100,Kg
Lentil,,Lentil,Generic,3/22/2023,200,100,Kg
Lentils Whole Brown,,Lentils Whole Brown,Generic,3/22/2023,200,100,Kg
Split Black Lentils,,Split Black Lentils,Generic,3/22/2023,200,100,Kg
Split Pea,,Split Pea,Generic,3/22/2023,200,100,Kg
Split Pigeon Peas,,Split Pigeon Peas,Generic,3/22/2023,200,100,Kg
Sugar Confectioners,,Sugar Confectioners,Generic,3/22/2023,200,100,Kg
Sugar Powdered,,Sugar Powdered,Generic,3/22/2023,200,100,Kg
Wheat Whole,,Wheat Whole,Generic,3/22/2023,200,100,Kg
Beans Field,,Beans Field,Generic,3/22/2023,200,100,Kg
Beans Hyacinth,,Beans Hyacinth,Generic,3/22/2023,200,100,Kg
Double Beans,,Double Beans,Generic,3/22/2023,200,100,Kg
Elbow,,Elbow,Generic,3/22/2023,200,100,Kg
Field Bean,,Field Bean,Generic,3/22/2023,200,100,Kg
Moth Beans,,Moth Beans,Generic,3/22/2023,200,100,Kg
Pea Pigeon,,Pea Pigeon,Generic,3/22/2023,200,100,Kg
Peas Pigeon,,Peas Pigeon,Generic,3/22/2023,200,100,Kg
Penne Pasta,,Penne Pasta,Generic,3/22/2023,200,100,Kg
Spaghetti,,Spaghetti,Generic,3/22/2023,200,100,Kg
Sword Beans,,Sword Beans,Generic,3/22/2023,200,100,Kg
Brownie,,Brownie,Generic,3/22/2023,200,100,Kg
Egg Noodle,,Egg Noodle,Generic,3/22/2023,200,100,Kg
French Fries,,French Fries,Generic,3/22/2023,200,100,Kg
Okra,,Okra,Generic,3/22/2023,200,100,Kg
Rice Basmati,,Rice Basmati,Generic,3/22/2023,200,100,Kg
Rice Instant,,Rice Instant,Generic,3/22/2023,200,100,Kg
Chocolate Syrup,,Chocolate Syrup,Generic,3/22/2023,200,100,Kg
Yellow Cornmeal,,Yellow Cornmeal,Generic,3/22/2023,200,100,Kg
Cheese Cottage,,Cheese Cottage,Generic,3/22/2023,200,100,Kg
Coriander Leaf,,Coriander Leaf,Generic,3/22/2023,200,100,Kg
Curd Lowfat,,Curd Lowfat,Generic,3/22/2023,200,100,Kg
Curry Leaf,,Curry Leaf,Generic,3/22/2023,200,100,Kg
Greek Yogurt Lowfat,,Greek Yogurt Lowfat,Generic,3/22/2023,200,100,Kg
Green Pea,,Green Pea,Generic,3/22/2023,200,100,Kg
Pea,,Pea,Generic,3/22/2023,200,100,Kg
Yogurt,,Yogurt,Generic,3/22/2023,200,100,Kg
Barbecue Sauce,,Barbecue Sauce,Generic,3/22/2023,200,100,Kg
Flour Cake,,Flour Cake,Generic,3/22/2023,200,100,Kg
Oat,,Oat,Generic,3/22/2023,200,100,Kg
Salad,,Salad,Generic,3/22/2023,200,100,Kg
Spinach Malabar,,Spinach Malabar,Generic,3/22/2023,200,100,Kg
Tomato Paste,,Tomato Paste,Generic,3/22/2023,200,100,Kg
Bean Sprouts,,Bean Sprouts,Generic,3/22/2023,200,100,Kg
Biscuit,,Biscuit,Generic,3/22/2023,200,100,Kg
Biscuit Dough,,Biscuit Dough,Generic,3/22/2023,200,100,Kg
Cake,,Cake,Generic,3/22/2023,200,100,Kg
Chili,,Chili,Generic,3/22/2023,200,100,Kg
Cream Of Chicken Soup,,Cream Of Chicken Soup,Generic,3/22/2023,200,100,Kg
Cream Of Mushroom,,Cream Of Mushroom,Generic,3/22/2023,200,100,Kg
Peanut,,Peanut,Generic,3/22/2023,200,100,Kg
Rice Flour,,Rice Flour,Generic,3/22/2023,200,100,Kg
Sour Cream,,Sour Cream,Generic,3/22/2023,200,100,Kg
Water Chestnuts,,Water Chestnuts,Generic,3/22/2023,200,100,Kg
White Peas,,White Peas,Generic,3/22/2023,200,100,Kg
Yogurt Greek,,Yogurt Greek,Generic,3/22/2023,200,100,Kg
Black Currant,,Black Currant,Generic,3/22/2023,200,100,Kg
Bread Crumb,,Bread Crumb,Generic,3/22/2023,200,100,Kg
Hoisin Sauce,,Hoisin Sauce,Generic,3/22/2023,200,100,Kg
Minced Garlic,,Minced Garlic,Generic,3/22/2023,200,100,Kg
Sushi rice,,Sushi rice,Generic,3/22/2023,200,100,Kg
Wheat Starch,,Wheat Starch,Generic,3/22/2023,200,100,Kg
Bread Brown,,Bread Brown,Generic,3/22/2023,200,100,Kg
Coconut,,Coconut,Generic,3/22/2023,200,100,Kg
Condensed Milk,,Condensed Milk,Generic,3/22/2023,200,100,Kg
Flour Semolina,,Flour Semolina,Generic,3/22/2023,200,100,Kg
Ketchup,,Ketchup,Generic,3/22/2023,200,100,Kg
Mustard,,Mustard,Generic,3/22/2023,200,100,Kg
Semolina,,Semolina,Generic,3/22/2023,200,100,Kg
Sugar Brown,,Sugar Brown,Generic,3/22/2023,200,100,Kg
Sweetened Condensed Milk,,Sweetened Condensed Milk,Generic,3/22/2023,200,100,Kg
Tomato Ketchup,,Tomato Ketchup,Generic,3/22/2023,200,100,Kg
White Bread,,White Bread,Generic,3/22/2023,200,100,Kg
Yellow Mustard,,Yellow Mustard,Generic,3/22/2023,200,100,Kg
Bread,,Bread,Generic,3/22/2023,200,100,Kg
Chickpea Flour,,Chickpea Flour,Generic,3/22/2023,200,100,Kg
Cream Of Celery Soup,,Cream Of Celery Soup,Generic,3/22/2023,200,100,Kg
Gram Flour,,Gram Flour,Generic,3/22/2023,200,100,Kg
Peanut Butter,,Peanut Butter,Generic,3/22/2023,200,100,Kg
Rice Sushi,,Rice Sushi,Generic,3/22/2023,200,100,Kg
Whole Grain Bread,,Whole Grain Bread,Generic,3/22/2023,200,100,Kg
Flour Spelt,,Flour Spelt,Generic,3/22/2023,200,100,Kg
Mango,,Mango,Generic,3/22/2023,200,100,Kg
Mango Ripe,,Mango Ripe,Generic,3/22/2023,200,100,Kg
Raisin,,Raisin,Generic,3/22/2023,200,100,Kg
Red Lentil,,Red Lentil,Generic,3/22/2023,200,100,Kg
Tea Biscuit,,Tea Biscuit,Generic,3/22/2023,200,100,Kg
Bell Pepper,,Bell Pepper,Generic,3/22/2023,200,100,Kg
Butter,,Butter,Generic,3/22/2023,200,100,Kg
Butter Salted,,Butter Salted,Generic,3/22/2023,200,100,Kg
Butter Unsalted,,Butter Unsalted,Generic,3/22/2023,200,100,Kg
Flour Rye,,Flour Rye,Generic,3/22/2023,200,100,Kg
Hamburger Buns,,Hamburger Buns,Generic,3/22/2023,200,100,Kg
Instant Noodle,,Instant Noodle,Generic,3/22/2023,200,100,Kg
Lettuce,,Lettuce,Generic,3/22/2023,200,100,Kg
Red Bell Pepper,,Red Bell Pepper,Generic,3/22/2023,200,100,Kg
Roti,,Roti,Generic,3/22/2023,200,100,Kg
Saltine Crackers,,Saltine Crackers,Generic,3/22/2023,200,100,Kg
Wheat Broken,,Wheat Broken,Generic,3/22/2023,200,100,Kg
Yellow Bell Pepper,,Yellow Bell Pepper,Generic,3/22/2023,200,100,Kg
Chicken Pieces With Bone,,Chicken Pieces With Bone,Generic,3/22/2023,200,100,Kg
Flour Pastry,,Flour Pastry,Generic,3/22/2023,200,100,Kg
Lasagna,,Lasagna,Generic,3/22/2023,200,100,Kg
Sriracha Sauce,,Sriracha Sauce,Generic,3/22/2023,200,100,Kg
Graham Crackers,,Graham Crackers,Generic,3/22/2023,200,100,Kg
Melon,,Melon,Generic,3/22/2023,200,100,Kg
Cheese,,Cheese,Generic,3/22/2023,200,100,Kg
Olive,,Olive,Generic,3/22/2023,200,100,Kg
Pineapple,,Pineapple,Generic,3/22/2023,200,100,Kg
Salt Pink,,Salt Pink,Generic,3/22/2023,200,100,Kg
Beef Liver,,Beef Liver,Generic,3/22/2023,200,100,Kg
Goat Liver,,Goat Liver,Generic,3/22/2023,200,100,Kg
Lamb Liver,,Lamb Liver,Generic,3/22/2023,200,100,Kg
Flour Bleached,,Flour Bleached,Generic,3/22/2023,200,100,Kg
Oil Flaxseed,,Oil Flaxseed,Generic,3/22/2023,200,100,Kg
Bread Pita,,Bread Pita,Generic,3/22/2023,200,100,Kg
Onion Ring,,Onion Ring,Generic,3/22/2023,200,100,Kg
Oreo,,Oreo,Generic,3/22/2023,200,100,Kg
Stick Cinnamon,,Stick Cinnamon,Generic,3/22/2023,200,100,Kg
Caramel,,Caramel,Generic,3/22/2023,200,100,Kg
Flour Buckwheat,,Flour Buckwheat,Generic,3/22/2023,200,100,Kg
Mustard Sauce,,Mustard Sauce,Generic,3/22/2023,200,100,Kg
Sugar White,,Sugar White,Generic,3/22/2023,200,100,Kg
Coconut Desicated,,Coconut Desicated,Generic,3/22/2023,200,100,Kg
Coconut Flake,,Coconut Flake,Generic,3/22/2023,200,100,Kg
Cranberries,,Cranberries,Generic,3/22/2023,200,100,Kg
Dried Plum,,Dried Plum,Generic,3/22/2023,200,100,Kg
Avocados,,Avocados,Generic,3/22/2023,200,100,Kg
Beef Bone Marrow,,Beef Bone Marrow,Generic,3/22/2023,200,100,Kg
Bone marrow,,Bone marrow,Generic,3/22/2023,200,100,Kg
Cheese Cheddar,,Cheese Cheddar,Generic,3/22/2023,200,100,Kg
Cheese Shredded Cheddar,,Cheese Shredded Cheddar,Generic,3/22/2023,200,100,Kg
Cheese Swiss,,Cheese Swiss,Generic,3/22/2023,200,100,Kg
Chili Green,,Chili Green,Generic,3/22/2023,200,100,Kg
Flour White Whole Wheat,,Flour White Whole Wheat,Generic,3/22/2023,200,100,Kg
Green Chili,,Green Chili,Generic,3/22/2023,200,100,Kg
Mushroom,,Mushroom,Generic,3/22/2023,200,100,Kg
Sweet And Low,,Sweet And Low,Generic,3/22/2023,200,100,Kg
Wheat Grounded,,Wheat Grounded,Generic,3/22/2023,200,100,Kg
Chocolate Chip,,Chocolate Chip,Generic,3/22/2023,200,100,Kg
Corn Flake,,Corn Flake,Generic,3/22/2023,200,100,Kg
Rice Noodles,,Rice Noodles,Generic,3/22/2023,200,100,Kg
Quinoa,,Quinoa,Generic,3/22/2023,200,100,Kg
Rice Wild,,Rice Wild,Generic,3/22/2023,200,100,Kg
Seasoning,,Seasoning,Generic,3/22/2023,200,100,Kg
Tapioca Pearl,,Tapioca Pearl,Generic,3/22/2023,200,100,Kg
Tikka Masala,,Tikka Masala,Generic,3/22/2023,200,100,Kg
Biscuit Digestive,,Biscuit Digestive,Generic,3/22/2023,200,100,Kg
Digestive biscuit,,Digestive biscuit,Generic,3/22/2023,200,100,Kg
Golden Raisin,,Golden Raisin,Generic,3/22/2023,200,100,Kg
Strawberry Jello,,Strawberry Jello,Generic,3/22/2023,200,100,Kg
BlueBerry,,BlueBerry,Generic,3/22/2023,200,100,Kg
Black Lentils,,Black Lentils,Generic,3/22/2023,200,100,Kg
Chaat Masala,,Chaat Masala,Generic,3/22/2023,200,100,Kg
Crackers,,Crackers,Generic,3/22/2023,200,100,Kg
Gram Dal,,Gram Dal,Generic,3/22/2023,200,100,Kg
Green Olive,,Green Olive,Generic,3/22/2023,200,100,Kg
Vermicelli,,Vermicelli,Generic,3/22/2023,200,100,Kg
Cashew,,Cashew,Generic,3/22/2023,200,100,Kg
Horseradish,,Horseradish,Generic,3/22/2023,200,100,Kg
Black Olives,,Black Olives,Generic,3/22/2023,200,100,Kg
Green Chutney,,Green Chutney,Generic,3/22/2023,200,100,Kg
Honey,,Honey,Generic,3/22/2023,200,100,Kg
Roll,,Roll,Generic,3/22/2023,200,100,Kg
Sorghum,,Sorghum,Generic,3/22/2023,200,100,Kg
Spinach,,Spinach,Generic,3/22/2023,200,100,Kg
Sugar Icing,,Sugar Icing,Generic,3/22/2023,200,100,Kg
baking powder,,baking powder,Generic,3/22/2023,200,100,Kg
Cherry Tomato,,Cherry Tomato,Generic,3/22/2023,200,100,Kg
Chip,,Chip,Generic,3/22/2023,200,100,Kg
Potato Stick,,Potato Stick,Generic,3/22/2023,200,100,Kg
Wheat Biscuit,,Wheat Biscuit,Generic,3/22/2023,200,100,Kg
Caramel Sauce,,Caramel Sauce,Generic,3/22/2023,200,100,Kg
Chicken Tikka,,Chicken Tikka,Generic,3/22/2023,200,100,Kg
Chili garlic sauce,,Chili garlic sauce,Generic,3/22/2023,200,100,Kg
Chili Paste,,Chili Paste,Generic,3/22/2023,200,100,Kg
Equal,,Equal,Generic,3/22/2023,200,100,Kg
Yellow Lentil,,Yellow Lentil,Generic,3/22/2023,200,100,Kg
Cheese Mozzarella,,Cheese Mozzarella,Generic,3/22/2023,200,100,Kg
Cheese Provolone,,Cheese Provolone,Generic,3/22/2023,200,100,Kg
Prune,,Prune,Generic,3/22/2023,200,100,Kg
Walnut,,Walnut,Generic,3/22/2023,200,100,Kg
Tamarind Chutney,,Tamarind Chutney,Generic,3/22/2023,200,100,Kg
Finger Millet,,Finger Millet,Generic,3/22/2023,200,100,Kg
Flour Millet,,Flour Millet,Generic,3/22/2023,200,100,Kg
Flour White Millet,,Flour White Millet,Generic,3/22/2023,200,100,Kg
Cocoa Powder Unsweetened,,Cocoa Powder Unsweetened,Generic,3/22/2023,200,100,Kg
Coriander Powder,,Coriander Powder,Generic,3/22/2023,200,100,Kg
Curd,,Curd,Generic,3/22/2023,200,100,Kg
Monk Fruit,,Monk Fruit,Generic,3/22/2023,200,100,Kg
Pumpkin Seeds,,Pumpkin Seeds,Generic,3/22/2023,200,100,Kg
Sunflower Seeds,,Sunflower Seeds,Generic,3/22/2023,200,100,Kg
Chutney,,Chutney,Generic,3/22/2023,200,100,Kg
Chana,,Chana,Generic,3/22/2023,200,100,Kg
Chickpeas Black,,Chickpeas Black,Generic,3/22/2023,200,100,Kg
Brown Bread,,Brown Bread,Generic,3/22/2023,200,100,Kg
Paratha,,Paratha,Generic,3/22/2023,200,100,Kg
Dates,,Dates,Generic,3/22/2023,200,100,Kg
Green onion,,Green onion,Generic,3/22/2023,200,100,Kg
Lamb,,Lamb,Generic,3/22/2023,200,100,Kg
Lamb BRT boneless,,Lamb BRT boneless,Generic,3/22/2023,200,100,Kg
Lamb Ground,,Lamb Ground,Generic,3/22/2023,200,100,Kg
Lamb kabob & Stew,,Lamb kabob & Stew,Generic,3/22/2023,200,100,Kg
Lamb Kidney,,Lamb Kidney,Generic,3/22/2023,200,100,Kg
Lamb Sirloin Chop,,Lamb Sirloin Chop,Generic,3/22/2023,200,100,Kg
Lamb Trotter,,Lamb Trotter,Generic,3/22/2023,200,100,Kg
Onion Green,,Onion Green,Generic,3/22/2023,200,100,Kg
Egg Hard Boiled,,Egg Hard Boiled,Generic,3/22/2023,200,100,Kg
Spaghetti Noodle,,Spaghetti Noodle,Generic,3/22/2023,200,100,Kg
Spring Roll,,Spring Roll,Generic,3/22/2023,200,100,Kg
Apricot,,Apricot,Generic,3/22/2023,200,100,Kg
Spices,,Spices,Generic,3/22/2023,200,100,Kg
Spinach Baby,,Spinach Baby,Generic,3/22/2023,200,100,Kg
Almond,,Almond,Generic,3/22/2023,200,100,Kg
Cheese Parmesan,,Cheese Parmesan,Generic,3/22/2023,200,100,Kg
Goat Cubes,,Goat Cubes,Generic,3/22/2023,200,100,Kg
Naan,,Naan,Generic,3/22/2023,200,100,Kg
Cloves Garlic,,Cloves Garlic,Generic,3/22/2023,200,100,Kg
Ginger garlic paste,,Ginger garlic paste,Generic,3/22/2023,200,100,Kg
Cocoa Powder,,Cocoa Powder,Generic,3/22/2023,200,100,Kg
Pomegranate,,Pomegranate,Generic,3/22/2023,200,100,Kg
Frankfurters,,Frankfurters,Generic,3/22/2023,200,100,Kg
Milk Chocolate,,Milk Chocolate,Generic,3/22/2023,200,100,Kg
Carom Seeds,,Carom Seeds,Generic,3/22/2023,200,100,Kg
Dark Chocolate,,Dark Chocolate,Generic,3/22/2023,200,100,Kg
Cheese Spread,,Cheese Spread,Generic,3/22/2023,200,100,Kg
Chocolate,,Chocolate,Generic,3/22/2023,200,100,Kg
Figs,,Figs,Generic,3/22/2023,200,100,Kg
Fried onion,,Fried onion,Generic,3/22/2023,200,100,Kg
Cinnamon,,Cinnamon,Generic,3/22/2023,200,100,Kg
Peppercorn,,Peppercorn,Generic,3/22/2023,200,100,Kg
Flour Self Rising,,Flour Self Rising,Generic,3/22/2023,200,100,Kg
Chicken Seasoning,,Chicken Seasoning,Generic,3/22/2023,200,100,Kg
Cheese Soft,,Cheese Soft,Generic,3/22/2023,200,100,Kg
Paprika,,Paprika,Generic,3/22/2023,200,100,Kg
Onion Powder,,Onion Powder,Generic,3/22/2023,200,100,Kg
Dry Chili,,Dry Chili,Generic,3/22/2023,200,100,Kg
Garlic Powder,,Garlic Powder,Generic,3/22/2023,200,100,Kg
Splenda,,Splenda,Generic,3/22/2023,200,100,Kg
Burger Bun,,Burger Bun,Generic,3/22/2023,200,100,Kg
Dry Fruits,,Dry Fruits,Generic,3/22/2023,200,100,Kg
Lemon Zest,,Lemon Zest,Generic,3/22/2023,200,100,Kg
Raw Pistachios Shelled,,Raw Pistachios Shelled,Generic,3/22/2023,200,100,Kg
Goat Rack,,Goat Rack,Generic,3/22/2023,200,100,Kg
Black Pepper,,Black Pepper,Generic,3/22/2023,200,100,Kg
Ground Black Pepper,,Ground Black Pepper,Generic,3/22/2023,200,100,Kg
Pistachio,,Pistachio,Generic,3/22/2023,200,100,Kg
Butter Clarified,,Butter Clarified,Generic,3/22/2023,200,100,Kg
Chili Powder,,Chili Powder,Generic,3/22/2023,200,100,Kg
Goat,,Goat,Generic,3/22/2023,200,100,Kg
Poppy Seeds,,Poppy Seeds,Generic,3/22/2023,200,100,Kg
Red Curry Paste,,Red Curry Paste,Generic,3/22/2023,200,100,Kg
Cumin,,Cumin,Generic,3/22/2023,200,100,Kg
Garlic Paste,,Garlic Paste,Generic,3/22/2023,200,100,Kg
Ginger Paste,,Ginger Paste,Generic,3/22/2023,200,100,Kg
Amaranth Leaves,,Amaranth Leaves,Generic,3/22/2023,200,100,Kg
Chives Leaves,,Chives Leaves,Generic,3/22/2023,200,100,Kg
Cilantro Leaves,,Cilantro Leaves,Generic,3/22/2023,200,100,Kg
Acacia Gum,,Acacia Gum,Generic,3/22/2023,200,100,Kg
Lady Finger,,Lady Finger,Generic,3/22/2023,200,100,Kg
Yeast,,Yeast,Generic,3/22/2023,200,100,Kg
Coconut Fresh,,Coconut Fresh,Generic,3/22/2023,200,100,Kg
Garam Masala,,Garam Masala,Generic,3/22/2023,200,100,Kg
Fennel Seed,,Fennel Seed,Generic,3/22/2023,200,100,Kg
Dry Fenugreek Leaves,,Dry Fenugreek Leaves,Generic,3/22/2023,200,100,Kg
Sesame Seed,,Sesame Seed,Generic,3/22/2023,200,100,Kg
Stevia,,Stevia,Generic,3/22/2023,200,100,Kg
Caraway Seeds,,Caraway Seeds,Generic,3/22/2023,200,100,Kg
Aspartame,,Aspartame,Generic,3/22/2023,200,100,Kg
Turmeric,,Turmeric,Generic,3/22/2023,200,100,Kg
Coffee Powder,,Coffee Powder,Generic,3/22/2023,200,100,Kg
Instant Coffee Powder,,Instant Coffee Powder,Generic,3/22/2023,200,100,Kg
Gelatin,,Gelatin,Generic,3/22/2023,200,100,Kg
Mint Leaf,,Mint Leaf,Generic,3/22/2023,200,100,Kg
Coriander,,Coriander,Generic,3/22/2023,200,100,Kg
Erythritol,,Erythritol,Generic,3/22/2023,200,100,Kg
Basil,,Basil,Generic,3/22/2023,200,100,Kg
Curry Powder,,Curry Powder,Generic,3/22/2023,200,100,Kg
Mustard Seed,,Mustard Seed,Generic,3/22/2023,200,100,Kg
Garlic,,Garlic,Generic,3/22/2023,200,100,Kg
Mango Green,,Mango Green,Generic,3/22/2023,200,100,Kg
Mango Powder,,Mango Powder,Generic,3/22/2023,200,100,Kg
White Pepper,,White Pepper,Generic,3/22/2023,200,100,Kg
Tea Green,,Tea Green,Generic,3/22/2023,200,100,Kg
Black Cumin Seed,,Black Cumin Seed,Generic,3/22/2023,200,100,Kg
Cumin Seed,,Cumin Seed,Generic,3/22/2023,200,100,Kg
Dried Oregano,,Dried Oregano,Generic,3/22/2023,200,100,Kg
Dried Thyme,,Dried Thyme,Generic,3/22/2023,200,100,Kg
Orange Zest,,Orange Zest,Generic,3/22/2023,200,100,Kg
Black Cardamom,,Black Cardamom,Generic,3/22/2023,200,100,Kg
Cardamom,,Cardamom,Generic,3/22/2023,200,100,Kg
Cardamom Brown,,Cardamom Brown,Generic,3/22/2023,200,100,Kg
Green cardamom,,Green cardamom,Generic,3/22/2023,200,100,Kg
Pepper,,Pepper,Generic,3/22/2023,200,100,Kg
Allspice,,Allspice,Generic,3/22/2023,200,100,Kg
Chives,,Chives,Generic,3/22/2023,200,100,Kg
Dried Parsley,,Dried Parsley,Generic,3/22/2023,200,100,Kg
Pepper White,,Pepper White,Generic,3/22/2023,200,100,Kg
Chili Red,,Chili Red,Generic,3/22/2023,200,100,Kg
Red Pepper Flakes,,Red Pepper Flakes,Generic,3/22/2023,200,100,Kg
Rosemary Leaves,,Rosemary Leaves,Generic,3/22/2023,200,100,Kg
Herb,,Herb,Generic,3/22/2023,200,100,Kg
Coriander Seed,,Coriander Seed,Generic,3/22/2023,200,100,Kg
Oregano,,Oregano,Generic,3/22/2023,200,100,Kg
Thyme,,Thyme,Generic,3/22/2023,200,100,Kg
Radish Pods,,Radish Pods,Generic,3/22/2023,200,100,Kg
Cilantro,,Cilantro,Generic,3/22/2023,200,100,Kg
Dill,,Dill,Generic,3/22/2023,200,100,Kg
Parsley,,Parsley,Generic,3/22/2023,200,100,Kg
Clove,,Clove,Generic,3/22/2023,200,100,Kg
Star Anise,,Star Anise,Generic,3/22/2023,200,100,Kg
Dried Marjoram,,Dried Marjoram,Generic,3/22/2023,200,100,Kg
Bay Leaf,,Bay Leaf,Generic,3/22/2023,200,100,Kg
Saffron,,Saffron,Generic,3/22/2023,200,100,Kg
Beef Short Plate,,Beef Short Plate,Generic,3/22/2023,200,100,Kg
Corn Flour,,Corn Flour,Generic,3/22/2023,200,100,Kg
Flour Instant,,Flour Instant,Generic,3/22/2023,200,100,Kg
Salt Khosher,,Salt Khosher,Generic,3/22/2023,200,100,Kg
Chicken Mince,,Chicken Mince,Generic,3/22/2023,200,100,Kg
Soya Bean,,Soya Bean,Generic,3/22/2023,200,100,Kg
Ice Cream,,Ice Cream,Generic,3/22/2023,200,100,Kg
Vanilla Ice Cream,,Vanilla Ice Cream,Generic,3/22/2023,200,100,Kg
